{
    "accessors": {
        "attribute_110": {
            "bufferView": "bufferView_145",
            "byteOffset": 599552,
            "byteStride": 12,
            "count": 96,
            "max": [
                0.352566,
                1.63267,
                0.116465
            ],
            "min": [
                0.314518,
                -1.62811,
                -0.120642
            ],
            "type": 35665
        },
        "attribute_112": {
            "bufferView": "bufferView_145",
            "byteOffset": 600704,
            "byteStride": 12,
            "count": 96,
            "max": [
                0.999887,
                1,
                0.99998
            ],
            "min": [
                -0.999051,
                -1,
                -0.99998
            ],
            "type": 35665
        },
        "attribute_114": {
            "bufferView": "bufferView_145",
            "byteOffset": 601856,
            "byteStride": 8,
            "count": 96,
            "max": [
                0.315714,
                0.979768
            ],
            "min": [
                0.100446,
                0.91231
            ],
            "type": 35664
        },
        "attribute_137": {
            "bufferView": "bufferView_145",
            "byteOffset": 602624,
            "byteStride": 12,
            "count": 932,
            "max": [
                7.66897,
                0.913144,
                0.752831
            ],
            "min": [
                -7.66897,
                -0.916656,
                -0.752971
            ],
            "type": 35665
        },
        "attribute_139": {
            "bufferView": "bufferView_145",
            "byteOffset": 613808,
            "byteStride": 12,
            "count": 932,
            "max": [
                1,
                1,
                1
            ],
            "min": [
                -1,
                -1,
                -1
            ],
            "type": 35665
        },
        "attribute_141": {
            "bufferView": "bufferView_145",
            "byteOffset": 624992,
            "byteStride": 8,
            "count": 932,
            "max": [
                0.997862,
                0.998738
            ],
            "min": [
                0.000971,
                0.00214303
            ],
            "type": 35664
        },
        "attribute_83": {
            "bufferView": "bufferView_145",
            "byteOffset": 0,
            "byteStride": 12,
            "count": 18736,
            "max": [
                1.50566,
                7.17701,
                2.31943
            ],
            "min": [
                -1.50566,
                -7.60073,
                -2.31858
            ],
            "type": 35665
        },
        "attribute_85": {
            "bufferView": "bufferView_145",
            "byteOffset": 224832,
            "byteStride": 12,
            "count": 18736,
            "max": [
                1,
                1,
                1
            ],
            "min": [
                -1,
                -1,
                -1
            ],
            "type": 35665
        },
        "attribute_87": {
            "bufferView": "bufferView_145",
            "byteOffset": 449664,
            "byteStride": 8,
            "count": 18736,
            "max": [
                1.20164,
                2.58606
            ],
            "min": [
                -4.50356,
                -2.09118
            ],
            "type": 35664
        },
        "indices_108": {
            "bufferView": "bufferView_146",
            "byteOffset": 109530,
            "count": 324,
            "type": 5123
        },
        "indices_135": {
            "bufferView": "bufferView_146",
            "byteOffset": 110178,
            "count": 2178,
            "type": 5123
        },
        "indices_72": {
            "bufferView": "bufferView_146",
            "byteOffset": 0,
            "count": 18027,
            "type": 5123
        },
        "indices_75": {
            "bufferView": "bufferView_146",
            "byteOffset": 36054,
            "count": 30954,
            "type": 5123
        },
        "indices_78": {
            "bufferView": "bufferView_146",
            "byteOffset": 97962,
            "count": 3396,
            "type": 5123
        },
        "indices_81": {
            "bufferView": "bufferView_146",
            "byteOffset": 104754,
            "count": 2388,
            "type": 5123
        }
    },
    "animations": {},
    "asset": {
        "extras": {
            "premultipliedAlpha": true
        },
        "generator": "collada2gltf@179215ff9b43db75f7841f48e94de7883ea400ef"
    },
    "bufferViews": {
        "bufferView_145": {
            "buffer": "uh-1n",
            "byteLength": 632448,
            "byteOffset": 0,
            "target": 34962
        },
        "bufferView_146": {
            "buffer": "uh-1n",
            "byteLength": 114536,
            "byteOffset": 632448,
            "target": 34963
        }
    },
    "buffers": {
        "uh-1n": {
            "byteLength": 746984,
            "path": "uh-1n.bin",
            "type": "arraybuffer"
        }
    },
    "images": {
        "image_0": {
            "path": "uh-in/Textures/vehicles/uh-1n/uh-1n_body_dif.png"
        },
        "image_1": {
            "path": "uh-in/Textures/Cubemaps/ambient_cube-face-0.png"
        },
        "image_10": {
            "path": "uh-in/Textures/vehicles/uh-1n/uh-1n_steel_dif.png"
        },
        "image_11": {
            "path": "uh-in/Textures/vehicles/uh-1n/uh-1n_steel_nor.png"
        },
        "image_12": {
            "path": "uh-in/Textures/vehicles/uh-1n/uh-1n_glass.png"
        },
        "image_2": {
            "path": "uh-in/Textures/Cubemaps/ambient_cube-face-1.png"
        },
        "image_3": {
            "path": "uh-in/Textures/Cubemaps/ambient_cube-face-2.png"
        },
        "image_4": {
            "path": "uh-in/Textures/Cubemaps/ambient_cube-face-3.png"
        },
        "image_5": {
            "path": "uh-in/Textures/Cubemaps/ambient_cube-face-4.png"
        },
        "image_6": {
            "path": "uh-in/Textures/Cubemaps/ambient_cube-face-5.png"
        },
        "image_7": {
            "path": "uh-in/Textures/vehicles/uh-1n/uh-1n_body_nor.png"
        },
        "image_8": {
            "path": "uh-in/Textures/vehicles/uh-1n/uh-1n_inside_dif.png"
        },
        "image_9": {
            "path": "uh-in/Textures/vehicles/uh-1n/uh-1n_inside_nor.png"
        }
    },
    "materials": {
        "_1020-fx": {
            "instanceTechnique": {
                "technique": "technique0",
                "values": {
                    "diffuse": "texture_image_8",
                    "shininess": 100,
                    "specular": [
                        1,
                        1,
                        1,
                        1
                    ]
                }
            },
            "name": "uh-1n-inside_dif"
        },
        "_1044-fx": {
            "instanceTechnique": {
                "technique": "technique0",
                "values": {
                    "diffuse": "texture_image_0",
                    "shininess": 100,
                    "specular": [
                        1,
                        1,
                        1,
                        1
                    ]
                }
            },
            "name": "uh-1n-body_dif"
        },
        "_4490-fx": {
            "instanceTechnique": {
                "technique": "technique0",
                "values": {
                    "diffuse": "texture_image_10",
                    "shininess": 100,
                    "specular": [
                        1,
                        1,
                        1,
                        1
                    ]
                }
            },